name,created_at,has_verified_email,is_employee,is_mod,is_gold,is_banned,comment_karma,link_karma,created_at_new,created_at_timestamp
Viblash,2021-01-15 12:54:43+00:00,True,False,False,False,False,766.0,18.0,2021-01-15 12:54:43,1610715283.0
DreamTheaterGuy,2021-01-12 05:58:55+00:00,True,False,False,False,False,4426.0,958.0,2021-01-12 05:58:55,1610431135.0
EstimateCock,2021-01-17 19:06:47+00:00,True,False,False,False,False,278.0,1.0,2021-01-17 19:06:47,1610910407.0
nick57490,2021-01-29 18:08:04+00:00,False,False,False,False,False,0.0,1.0,2021-01-29 18:08:04,1611943684.0
leftbehind0712,2021-01-12 09:41:13+00:00,True,False,False,False,False,83.0,755.0,2021-01-12 09:41:13,1610444473.0
trustnomedia,2021-01-02 12:56:39+00:00,False,False,False,False,False,992.0,553.0,2021-01-02 12:56:39,1609592199.0
Womrog-7,2021-01-01 11:42:24+00:00,True,False,False,False,False,2233.0,2831.0,2021-01-01 11:42:24,1609501344.0
Pam_Beastly_56,2021-01-03 20:18:23+00:00,False,False,False,False,False,38.0,426.0,2021-01-03 20:18:23,1609705103.0
PR0NJ1FS,2021-01-16 21:41:05+00:00,False,False,False,False,False,216.0,1305.0,2021-01-16 21:41:05,1610833265.0
NuclearPastaSalad0,2021-01-23 01:13:59+00:00,True,False,False,False,False,2184.0,361.0,2021-01-23 01:13:59,1611364439.0
butterchampion1738,2021-01-15 17:58:55+00:00,True,False,False,False,False,960.0,561.0,2021-01-15 17:58:55,1610733535.0
betaelsker,2021-01-15 11:16:51+00:00,True,False,False,False,False,568.0,5457.0,2021-01-15 11:16:51,1610709411.0
Nocioceptive,2021-01-14 04:18:22+00:00,True,False,False,False,False,578.0,1.0,2021-01-14 04:18:22,1610597902.0
Overall_Box_302,2021-01-15 12:31:29+00:00,True,False,False,False,False,0.0,36.0,2021-01-15 12:31:29,1610713889.0
Technical_Lock8506,2021-01-15 09:16:29+00:00,True,False,False,False,False,0.0,123.0,2021-01-15 09:16:29,1610702189.0
CovidIsTaken,2021-01-14 10:55:04+00:00,True,False,False,False,False,-7.0,1.0,2021-01-14 10:55:04,1610621704.0
Um_cara_qualquer___,2021-01-04 08:43:40+00:00,False,False,False,False,False,130.0,134.0,2021-01-04 08:43:40,1609749820.0
PaleontologistRich40,2021-01-06 14:39:56+00:00,True,False,False,False,False,0.0,54.0,2021-01-06 14:39:56,1609943996.0
GrannyAssDiddler,2021-01-07 18:54:25+00:00,True,False,False,False,False,6561.0,402.0,2021-01-07 18:54:25,1610045665.0
informoverloadreddit,2021-01-07 16:21:20+00:00,True,False,False,False,False,0.0,8.0,2021-01-07 16:21:20,1610036480.0
ExecutionEnthusiast,2021-01-05 05:23:54+00:00,True,False,False,False,False,80.0,1.0,2021-01-05 05:23:54,1609824234.0
thatgamerguy567,2021-01-01 05:22:26+00:00,False,False,False,False,False,-23.0,1.0,2021-01-01 05:22:26,1609478546.0
Trashbag52,2021-01-08 15:32:38+00:00,False,False,False,False,False,3287.0,3656.0,2021-01-08 15:32:38,1610119958.0
Letsseehowyouthink,2021-01-01 19:51:55+00:00,True,False,False,False,False,-13.0,1.0,2021-01-01 19:51:55,1609530715.0
-wanderinq,2021-01-13 16:17:36+00:00,True,False,True,False,False,3965.0,3555.0,2021-01-13 16:17:36,1610554656.0
fmlihavepms,2021-01-10 01:32:30+00:00,True,False,False,False,False,165.0,1.0,2021-01-10 01:32:30,1610242350.0
iAmExisting69420,2021-01-06 06:43:34+00:00,True,False,False,False,False,5930.0,4672.0,2021-01-06 06:43:34,1609915414.0
PatientPersonality46,2021-01-23 01:56:36+00:00,True,False,False,False,False,1905.0,198.0,2021-01-23 01:56:36,1611366996.0
TH_JLDS4100,2021-01-11 14:39:42+00:00,True,False,False,False,False,3041.0,1490.0,2021-01-11 14:39:42,1610375982.0
jviolegr,2021-02-04 17:53:03+00:00,True,False,False,False,False,140.0,123.0,2021-02-04 17:53:03,1612461183.0
Wrewrenned,2021-01-02 08:26:37+00:00,True,False,False,False,False,-34.0,1.0,2021-01-02 08:26:37,1609575997.0
Ok-West-7125,2021-02-06 03:35:56+00:00,True,False,False,False,False,7286.0,389.0,2021-02-06 03:35:56,1612582556.0
Mellowcanuck,2021-01-31 09:14:20+00:00,True,False,False,False,False,57794.0,1.0,2021-01-31 09:14:20,1612084460.0
TheDon_of_Dons,2021-02-03 23:46:27+00:00,True,False,False,False,False,1419.0,1.0,2021-02-03 23:46:27,1612395987.0
cafespeed21,2021-02-15 16:40:27+00:00,True,False,False,False,False,8394.0,4106.0,2021-02-15 16:40:27,1613407227.0
Proof-Criticism2025,2021-01-30 18:11:18+00:00,True,False,False,False,False,937.0,277.0,2021-01-30 18:11:18,1612030278.0
R41K0N,2021-02-18 06:35:31+00:00,True,False,True,False,False,3505.0,2418.0,2021-02-18 06:35:31,1613630131.0
IHateThisPlace3,2021-02-24 15:09:29+00:00,True,False,False,False,False,31342.0,7594.0,2021-02-24 15:09:29,1614179369.0
Hot_Mission2164,2021-01-11 17:53:17+00:00,True,False,False,False,False,7.0,73.0,2021-01-11 17:53:17,1610387597.0
redMj256,2021-02-05 07:37:07+00:00,False,False,False,False,False,1.0,1.0,2021-02-05 07:37:07,1612510627.0
yowrongaccbro,2021-02-11 10:43:56+00:00,True,False,False,False,False,1.0,1.0,2021-02-11 10:43:56,1613040236.0
Ragnarblackmane88,2021-01-24 09:33:10+00:00,True,False,False,False,False,17300.0,3432.0,2021-01-24 09:33:10,1611480790.0
Burtonrocket,2021-01-03 20:32:59+00:00,False,False,False,False,False,22.0,1805.0,2021-01-03 20:32:59,1609705979.0
Material-Quail578,2021-02-08 16:24:22+00:00,True,False,False,False,False,107.0,16.0,2021-02-08 16:24:22,1612801462.0
Nola70132,2021-01-25 22:47:46+00:00,True,False,False,False,False,9441.0,1.0,2021-01-25 22:47:46,1611614866.0
Ruty_The_Chicken,2021-01-03 04:06:35+00:00,True,False,False,False,False,216.0,61.0,2021-01-03 04:06:35,1609646795.0
FucktheGovermment,2021-01-28 08:18:02+00:00,False,False,False,False,False,3677.0,1054.0,2021-01-28 08:18:02,1611821882.0
Realistic_Ad_5428,2021-01-05 14:20:59+00:00,True,False,False,False,False,92.0,26.0,2021-01-05 14:20:59,1609856459.0
RedditTogetherStrong,2021-02-01 21:19:49+00:00,False,False,True,False,False,1920.0,406.0,2021-02-01 21:19:49,1612214389.0
thecanfromcloseup,2021-01-27 00:37:40+00:00,True,False,False,False,False,743.0,423.0,2021-01-27 00:37:40,1611707860.0
ScreenElucidator,2021-02-01 20:24:24+00:00,True,False,False,False,False,26232.0,50.0,2021-02-01 20:24:24,1612211064.0
Will_2421,2021-01-11 16:10:34+00:00,True,False,False,False,False,222.0,75.0,2021-01-11 16:10:34,1610381434.0
saonivea,2021-02-12 03:26:38+00:00,True,False,False,False,False,26.0,59.0,2021-02-12 03:26:38,1613100398.0
niqilix,2021-01-21 07:19:14+00:00,True,False,False,False,False,224.0,1.0,2021-01-21 07:19:14,1611213554.0
Redhotcookies,2021-01-28 17:10:30+00:00,False,False,False,False,False,17.0,6.0,2021-01-28 17:10:30,1611853830.0
ekhogayehumaurtum,2021-01-20 04:18:39+00:00,True,False,False,False,False,4146.0,167.0,2021-01-20 04:18:39,1611116319.0
polkakween,2021-01-28 14:44:13+00:00,True,False,False,False,False,472.0,62.0,2021-01-28 14:44:13,1611845053.0
injary,2021-02-13 23:55:22+00:00,True,False,False,False,False,19217.0,22227.0,2021-02-13 23:55:22,1613260522.0
VoodooGrip,2021-01-28 19:06:39+00:00,True,False,False,False,False,1578.0,634.0,2021-01-28 19:06:39,1611860799.0
NoDryHands,2021-01-24 03:27:52+00:00,True,False,False,False,False,8704.0,2180.0,2021-01-24 03:27:52,1611458872.0
Flech12,2021-02-07 03:43:46+00:00,True,False,False,False,False,3205.0,431.0,2021-02-07 03:43:46,1612669426.0
whyamIonly5fttall,2021-02-08 07:07:10+00:00,True,False,True,False,False,8381.0,16573.0,2021-02-08 07:07:10,1612768030.0
Mick_Money,2021-01-28 18:41:21+00:00,True,False,False,False,False,230.0,37.0,2021-01-28 18:41:21,1611859281.0
gostesven,2021-01-25 08:45:10+00:00,False,False,False,False,False,1142.0,1.0,2021-01-25 08:45:10,1611564310.0
beeleegeez,2021-01-01 02:05:10+00:00,True,False,False,False,False,1981.0,2006.0,2021-01-01 02:05:10,1609466710.0
SeeMyGrind,2021-01-09 03:16:49+00:00,True,False,False,False,False,247.0,77.0,2021-01-09 03:16:49,1610162209.0
GlutenFreeBlumpkin,2021-01-22 19:35:48+00:00,True,False,True,False,False,9300.0,6456.0,2021-01-22 19:35:48,1611344148.0
someonesgranpa,2021-01-13 00:48:37+00:00,False,False,False,False,False,4448.0,33.0,2021-01-13 00:48:37,1610498917.0
WSBonlyaccount,2021-01-22 02:14:25+00:00,False,False,False,False,False,21.0,9.0,2021-01-22 02:14:25,1611281665.0
engunisik11,2021-02-20 12:07:31+00:00,True,False,False,False,False,48.0,17.0,2021-02-20 12:07:31,1613822851.0
supersexycarnotaurus,2021-02-03 20:40:30+00:00,True,False,False,False,False,12129.0,811.0,2021-02-03 20:40:30,1612384830.0
Prefont80,2021-02-09 19:39:01+00:00,True,False,True,False,False,2360.0,1379.0,2021-02-09 19:39:01,1612899541.0
strawberry-seal,2021-01-06 04:09:47+00:00,True,False,False,False,False,106.0,225.0,2021-01-06 04:09:47,1609906187.0
fart_me_your_boners,2021-01-19 04:54:01+00:00,True,False,False,False,False,824.0,1052.0,2021-01-19 04:54:01,1611032041.0
onestepclozer,2021-01-16 11:33:00+00:00,True,False,False,False,False,591.0,281.0,2021-01-16 11:33:00,1610796780.0
Real-H,2021-01-07 06:16:10+00:00,True,False,True,False,False,16814.0,17671.0,2021-01-07 06:16:10,1610000170.0
grissinimanga,2021-01-03 18:42:51+00:00,True,False,False,False,False,5.0,9.0,2021-01-03 18:42:51,1609699371.0
NocturnalFishstick,2021-02-15 20:46:57+00:00,False,False,False,False,False,173.0,68.0,2021-02-15 20:46:57,1613422017.0
MichaelScottsdale,2021-02-02 21:14:11+00:00,True,False,False,False,False,667.0,207.0,2021-02-02 21:14:11,1612300451.0
JimCracksJokes,2021-01-27 21:27:07+00:00,True,False,False,False,False,1667.0,1.0,2021-01-27 21:27:07,1611782827.0
Sommerrayworshiper,2021-02-15 21:28:32+00:00,True,False,False,False,False,1.0,45.0,2021-02-15 21:28:32,1613424512.0
Cyber_843,2021-02-16 06:02:49+00:00,True,False,False,False,False,1.0,3.0,2021-02-16 06:02:49,1613455369.0
Eggeggaggagagag,2021-02-13 12:03:05+00:00,True,False,False,False,False,0.0,1.0,2021-02-13 12:03:05,1613217785.0
XReaverKingX,2021-02-11 14:43:46+00:00,True,False,False,False,False,227.0,3.0,2021-02-11 14:43:46,1613054626.0
Barb4life69,2021-02-09 12:51:01+00:00,True,False,False,False,False,938.0,19813.0,2021-02-09 12:51:01,1612875061.0
magicman131313,2021-02-12 02:37:13+00:00,False,False,False,False,False,363.0,15.0,2021-02-12 02:37:13,1613097433.0
Azanor-ronazA,2021-01-25 18:35:14+00:00,True,False,False,False,False,2963.0,6572.0,2021-01-25 18:35:14,1611599714.0
stephent8888,2021-01-29 01:29:38+00:00,True,False,False,False,False,101.0,146.0,2021-01-29 01:29:38,1611883778.0
erg121,2021-01-28 22:59:30+00:00,True,False,False,False,False,450.0,1439.0,2021-01-28 22:59:30,1611874770.0
UnfedWhiplash90,2021-01-24 08:39:19+00:00,True,False,False,False,False,52.0,6708.0,2021-01-24 08:39:19,1611477559.0
kyroanimates,2021-01-16 22:36:48+00:00,True,False,False,False,False,105.0,1526.0,2021-01-16 22:36:48,1610836608.0
CableConscious5982,2021-01-06 18:02:12+00:00,True,False,False,False,False,1530.0,1407.0,2021-01-06 18:02:12,1609956132.0
EdmundoMcBrundo,2021-02-05 18:40:02+00:00,True,False,False,False,False,1105.0,46.0,2021-02-05 18:40:02,1612550402.0
gossse,2021-01-02 07:39:41+00:00,False,False,False,False,False,1371.0,20.0,2021-01-02 07:39:41,1609573181.0
Nobleone11,2021-01-01 23:11:15+00:00,True,False,False,False,False,14443.0,393.0,2021-01-01 23:11:15,1609542675.0
_captain-rex_,2021-01-26 08:34:20+00:00,True,False,True,False,False,40776.0,127051.0,2021-01-26 08:34:20,1611650060.0
AnyDistribution2511,2021-02-05 06:32:22+00:00,True,False,True,False,False,8.0,364.0,2021-02-05 06:32:22,1612506742.0
Locke10815,2021-01-02 06:19:13+00:00,True,False,False,False,False,377.0,504.0,2021-01-02 06:19:13,1609568353.0
demon_filth2001,2021-01-27 03:08:13+00:00,False,False,False,False,False,17323.0,2388.0,2021-01-27 03:08:13,1611716893.0
Successful_Craft3076,2021-01-29 01:38:19+00:00,True,False,False,False,False,28355.0,3101.0,2021-01-29 01:38:19,1611884299.0
Halquila,2021-01-06 22:50:52+00:00,True,False,False,False,False,968.0,1.0,2021-01-06 22:50:52,1609973452.0
Appropriate_Earth370,2021-02-10 17:41:55+00:00,True,False,False,False,False,0.0,1.0,2021-02-10 17:41:55,1612978915.0
Bara-enthusiast,2021-01-26 23:00:10+00:00,True,False,False,False,False,2305.0,688.0,2021-01-26 23:00:10,1611702010.0
Tom_Smith85,2021-01-28 05:26:38+00:00,True,False,False,False,False,14.0,1.0,2021-01-28 05:26:38,1611811598.0
BonjourReturn2,2021-01-07 16:13:49+00:00,False,False,False,False,False,1641.0,16.0,2021-01-07 16:13:49,1610036029.0
Longjumping_Toe_9225,2021-01-01 03:19:43+00:00,True,False,False,False,False,488.0,225.0,2021-01-01 03:19:43,1609471183.0
Rebzul,2021-01-25 05:39:33+00:00,True,False,True,False,False,351.0,535.0,2021-01-25 05:39:33,1611553173.0
InfiniteClarity,2021-01-07 00:42:32+00:00,True,False,False,False,False,15189.0,1.0,2021-01-07 00:42:32,1609980152.0
ainsleyharriottsimp,2021-01-11 00:56:35+00:00,True,False,False,False,False,67.0,517.0,2021-01-11 00:56:35,1610326595.0
Standard_Turtle_5135,2021-01-22 08:03:17+00:00,True,False,False,False,False,68.0,1.0,2021-01-22 08:03:17,1611302597.0
AndyWarholWasAwful,2021-01-24 18:38:21+00:00,False,False,True,False,False,564.0,972.0,2021-01-24 18:38:21,1611513501.0
Unleash_The_B34st,2021-01-08 15:52:54+00:00,True,False,True,False,False,258.0,3356.0,2021-01-08 15:52:54,1610121174.0
EmbarrassedBarber784,2021-02-01 03:23:12+00:00,True,False,False,False,False,0.0,1.0,2021-02-01 03:23:12,1612149792.0
MinoChan69,2021-02-10 22:57:20+00:00,True,False,False,False,False,0.0,1.0,2021-02-10 22:57:20,1612997840.0
SH33V66,2021-03-15 01:56:58+00:00,True,False,False,False,False,980.0,841.0,2021-03-15 01:56:58,1615773418.0
HIV_Juice,2021-02-25 03:11:00+00:00,True,False,True,False,False,1620.0,11529.0,2021-02-25 03:11:00,1614222660.0
Master_Chef7,2021-02-26 14:24:51+00:00,False,False,False,False,False,3711.0,61.0,2021-02-26 14:24:51,1614349491.0
Funneduck102,2021-03-24 13:58:37+00:00,True,False,True,False,False,34902.0,8495.0,2021-03-24 13:58:37,1616594317.0
Blackwatwer2,2021-02-08 20:56:51+00:00,True,False,True,False,False,68995.0,26171.0,2021-02-08 20:56:51,1612817811.0
littledebiru,2021-01-06 00:36:55+00:00,True,False,False,False,False,10914.0,3819.0,2021-01-06 00:36:55,1609893415.0
freemyboykaczynski,2021-03-20 22:15:03+00:00,True,False,False,False,False,41015.0,1459.0,2021-03-20 22:15:03,1616278503.0
BeauTofu,2021-01-10 14:44:59+00:00,True,False,False,False,False,47551.0,611.0,2021-01-10 14:44:59,1610289899.0
ButtLickingYellowBee,2021-03-19 19:10:14+00:00,True,False,True,False,False,5955.0,1141.0,2021-03-19 19:10:14,1616181014.0
Impossible-Owl9096,2021-01-10 06:52:06+00:00,True,False,False,False,False,153.0,162.0,2021-01-10 06:52:06,1610261526.0
Effenwhen,2021-01-29 18:10:00+00:00,True,False,False,False,False,262.0,1.0,2021-01-29 18:10:00,1611943800.0
Think_it_over68,2021-02-18 12:31:20+00:00,True,False,False,False,False,2807.0,163.0,2021-02-18 12:31:20,1613651480.0
Odd-Editor-2774,2021-03-19 13:46:29+00:00,True,False,False,False,False,202.0,126.0,2021-03-19 13:46:29,1616161589.0
Eru__Illuvitar,2021-01-27 16:02:59+00:00,True,False,False,False,False,45.0,15.0,2021-01-27 16:02:59,1611763379.0
Guiltybeta,2021-03-25 16:36:07+00:00,False,False,False,False,False,63.0,1.0,2021-03-25 16:36:07,1616690167.0
betmal555,2021-02-04 13:37:19+00:00,False,False,True,False,False,52.0,217.0,2021-02-04 13:37:19,1612445839.0
Anakin-Skywakr,2021-03-07 14:53:23+00:00,True,False,False,False,False,1603.0,32.0,2021-03-07 14:53:23,1615128803.0
Bulky_Gate9094,2021-03-25 09:16:14+00:00,False,False,False,False,False,54.0,90.0,2021-03-25 09:16:14,1616663774.0
Worgrider07,2021-02-16 03:40:20+00:00,True,False,False,False,False,2292.0,3201.0,2021-02-16 03:40:20,1613446820.0
Supra360,2021-02-23 11:12:01+00:00,True,False,True,False,False,13917.0,44257.0,2021-02-23 11:12:01,1614078721.0
wankininsomniac,2021-01-24 13:15:21+00:00,True,False,False,False,False,32.0,148.0,2021-01-24 13:15:21,1611494121.0
backup_account1312,2021-03-08 14:43:16+00:00,False,False,False,False,False,102.0,129.0,2021-03-08 14:43:16,1615214596.0
YogurtclosetBig9448,2021-01-13 08:10:37+00:00,True,False,False,False,False,426.0,2506.0,2021-01-13 08:10:37,1610525437.0
paranormalconduct,2021-02-14 15:32:27+00:00,True,False,True,False,False,2829.0,394.0,2021-02-14 15:32:27,1613316747.0
Shubham_gelani007,2021-01-03 08:20:25+00:00,True,False,False,False,False,38.0,106.0,2021-01-03 08:20:25,1609662025.0
IlIlllIIllllIIlI,2021-02-22 23:39:39+00:00,True,False,False,False,False,9935.0,41.0,2021-02-22 23:39:39,1614037179.0
Chancellor_Valorum82,2021-03-05 01:09:08+00:00,True,False,False,False,False,46950.0,4.0,2021-03-05 01:09:08,1614906548.0
Femboy_Airstrike,2021-01-03 06:00:37+00:00,False,False,True,False,False,33948.0,78603.0,2021-01-03 06:00:37,1609653637.0
itskeerthana,2021-03-01 22:57:52+00:00,True,False,False,False,False,2.0,1.0,2021-03-01 22:57:52,1614639472.0
dzdclbz,2021-02-19 10:00:18+00:00,False,False,True,False,False,230.0,297.0,2021-02-19 10:00:18,1613728818.0
huncho919,2021-02-21 20:39:27+00:00,False,False,False,False,False,-3.0,14.0,2021-02-21 20:39:27,1613939967.0
reaIDonladTromp,2021-01-27 21:21:31+00:00,True,False,False,False,False,64.0,28.0,2021-01-27 21:21:31,1611782491.0
robkohn23,2021-01-21 22:08:15+00:00,True,False,False,False,False,7690.0,46186.0,2021-01-21 22:08:15,1611266895.0
spaghettiSofa,2021-02-14 00:33:57+00:00,False,False,False,False,False,581.0,3377.0,2021-02-14 00:33:57,1613262837.0
RandomUser132621,2021-03-07 17:33:46+00:00,True,False,True,False,False,1183.0,17732.0,2021-03-07 17:33:46,1615138426.0
Known-Information805,2021-02-26 07:39:15+00:00,True,False,False,False,False,103.0,3015.0,2021-02-26 07:39:15,1614325155.0
Question_thread,2021-03-09 20:33:34+00:00,True,False,False,False,False,0.0,1.0,2021-03-09 20:33:34,1615322014.0
joekurr69,2021-02-16 02:58:00+00:00,True,False,False,False,False,25.0,6.0,2021-02-16 02:58:00,1613444280.0
alejoconejolex,2021-03-08 17:18:18+00:00,False,False,False,False,False,0.0,1.0,2021-03-08 17:18:18,1615223898.0
throwawayacc3333333,2021-02-15 10:31:11+00:00,True,False,False,False,False,42.0,1079.0,2021-02-15 10:31:11,1613385071.0
Maleficent_Cook_9787,2021-01-02 18:21:04+00:00,True,False,False,False,False,822.0,8353.0,2021-01-02 18:21:04,1609611664.0
Slea1213,2021-01-13 15:46:00+00:00,False,False,False,False,False,46.0,33.0,2021-01-13 15:46:00,1610552760.0
copperseedz,2021-02-01 07:02:59+00:00,True,False,False,False,False,145.0,36.0,2021-02-01 07:02:59,1612162979.0
Lourdeath,2021-01-23 23:41:11+00:00,False,False,False,False,False,2659.0,3.0,2021-01-23 23:41:11,1611445271.0
Watareudoininmyswamp,2021-01-04 22:50:08+00:00,False,False,False,False,False,762.0,682.0,2021-01-04 22:50:08,1609800608.0
Mobster88,2021-01-31 08:10:21+00:00,True,False,False,False,False,-100.0,6.0,2021-01-31 08:10:21,1612080621.0
psinned1,2021-01-30 04:03:52+00:00,True,False,False,False,False,1931.0,99.0,2021-01-30 04:03:52,1611979432.0
Mindful-Suggestion1,2021-02-21 14:38:53+00:00,False,False,False,False,False,273.0,1.0,2021-02-21 14:38:53,1613918333.0
purplehairedperson,2021-02-13 06:14:36+00:00,False,False,False,False,False,152.0,101.0,2021-02-13 06:14:36,1613196876.0
AbnormalToes,2021-01-23 03:27:46+00:00,True,False,True,False,False,10665.0,88.0,2021-01-23 03:27:46,1611372466.0
QuallingtonBear,2021-01-11 14:51:44+00:00,False,False,False,False,False,37543.0,3.0,2021-01-11 14:51:44,1610376704.0
neikoidoru,2021-01-11 02:26:03+00:00,True,False,False,False,False,8331.0,2416.0,2021-01-11 02:26:03,1610331963.0
17FeretsAndaPelican,2021-01-16 22:46:11+00:00,True,False,True,False,False,83.0,1.0,2021-01-16 22:46:11,1610837171.0
ExpensiveBean,2021-02-22 13:58:32+00:00,True,False,False,False,False,0.0,4.0,2021-02-22 13:58:32,1614002312.0
itsJL2003,2021-01-24 09:27:26+00:00,True,False,False,False,False,336.0,1905.0,2021-01-24 09:27:26,1611480446.0
tinkerbeIIa,2021-03-03 20:15:08+00:00,True,False,False,False,False,44.0,2.0,2021-03-03 20:15:08,1614802508.0
safeword-is-harder,2021-01-19 01:28:34+00:00,True,False,False,False,False,5002.0,7.0,2021-01-19 01:28:34,1611019714.0
Bot_EmojiBae,2021-02-13 02:18:31+00:00,False,False,False,False,False,-100.0,1.0,2021-02-13 02:18:31,1613182711.0
undeadnihilist,2021-01-01 14:05:54+00:00,True,False,True,False,False,3619.0,164.0,2021-01-01 14:05:54,1609509954.0
redditadmln01922,2021-03-03 06:13:19+00:00,True,False,False,False,False,1.0,1.0,2021-03-03 06:13:19,1614751999.0
etoiles-du-nord,2021-02-04 13:10:19+00:00,True,False,False,False,False,89666.0,204.0,2021-02-04 13:10:19,1612444219.0
female-supremacist,2021-03-02 09:18:44+00:00,True,False,False,False,False,100.0,1.0,2021-03-02 09:18:44,1614676724.0
Bill_Bro_Baggins,2021-02-10 08:12:55+00:00,True,False,False,False,False,756.0,1.0,2021-02-10 08:12:55,1612944775.0
Lindaloves2laugh55,2021-02-13 22:40:46+00:00,True,False,False,False,False,50.0,35.0,2021-02-13 22:40:46,1613256046.0
Impressive-Ad2292,2021-02-11 06:41:16+00:00,True,False,False,False,False,0.0,1.0,2021-02-11 06:41:16,1613025676.0
Mylifeis2021,2021-01-29 09:46:35+00:00,False,False,False,False,False,2658.0,12643.0,2021-01-29 09:46:35,1611913595.0
DepressedMoon1999,2021-01-11 06:51:24+00:00,True,False,False,False,False,1710.0,40.0,2021-01-11 06:51:24,1610347884.0
Numerous_Twist_1558,2021-01-12 14:29:09+00:00,True,False,False,False,False,6266.0,2097.0,2021-01-12 14:29:09,1610461749.0
Character_username,2021-03-25 12:21:27+00:00,True,False,False,False,False,0.0,1.0,2021-03-25 12:21:27,1616674887.0
SayNOtoAmber,2021-03-05 17:23:35+00:00,True,False,False,False,False,0.0,1.0,2021-03-05 17:23:35,1614965015.0
hslthedream,2021-02-04 04:57:18+00:00,False,False,False,False,False,486.0,99.0,2021-02-04 04:57:18,1612414638.0
kilmeplzz,2021-02-18 23:44:49+00:00,True,False,False,False,False,0.0,1.0,2021-02-18 23:44:49,1613691889.0
ingridatwww,2021-04-16 00:04:09+00:00,True,False,False,False,False,901.0,339.0,2021-04-16 00:04:09,1618531449.0
ConstanzaBonapart,2021-04-29 03:57:01+00:00,True,False,False,False,False,43.0,82.0,2021-04-29 03:57:01,1619668621.0
Axelsmurf15,2021-01-18 18:16:24+00:00,True,False,False,False,False,38.0,1.0,2021-01-18 18:16:24,1610993784.0
outhouse_wholesaler,2021-01-12 03:32:41+00:00,True,False,False,False,False,493.0,1.0,2021-01-12 03:32:41,1610422361.0
overtrick1978,2021-01-12 17:41:44+00:00,True,False,False,False,False,12939.0,1034.0,2021-01-12 17:41:44,1610473304.0
CeruleanOrange,2021-01-12 16:39:19+00:00,True,False,False,False,False,38.0,20072.0,2021-01-12 16:39:19,1610469559.0
Horny_Throwaway_5757,2021-03-26 21:04:36+00:00,True,False,False,False,False,492.0,13463.0,2021-03-26 21:04:36,1616792676.0
FeedingMyDirtyMind,2021-01-08 20:36:59+00:00,False,False,False,False,False,242.0,732.0,2021-01-08 20:36:59,1610138219.0
alt_alt_989,2021-04-13 15:24:14+00:00,True,False,False,False,False,434.0,1.0,2021-04-13 15:24:14,1618327454.0
Few-Philosophy9877,2021-03-05 19:38:09+00:00,True,False,False,False,False,19.0,449.0,2021-03-05 19:38:09,1614973089.0
mocorat,2021-04-29 19:51:19+00:00,True,False,False,False,False,2.0,1.0,2021-04-29 19:51:19,1619725879.0
Slap_the_Panda,2021-03-28 21:21:09+00:00,True,False,False,False,False,1274.0,32.0,2021-03-28 21:21:09,1616966469.0
BigGeek2256,2021-03-25 14:41:14+00:00,True,False,True,False,False,949.0,28827.0,2021-03-25 14:41:14,1616683274.0
HaileeSteinfeldAss,2021-04-24 18:53:45+00:00,False,False,True,False,False,1.0,7402.0,2021-04-24 18:53:45,1619290425.0
Rohan3505,2021-02-04 10:32:58+00:00,True,False,False,False,False,39.0,1.0,2021-02-04 10:32:58,1612434778.0
sirhelium,2021-03-04 19:28:35+00:00,False,False,False,False,False,421.0,1.0,2021-03-04 19:28:35,1614886115.0
xubangchao,2021-04-11 14:24:13+00:00,True,False,False,False,False,279.0,458.0,2021-04-11 14:24:13,1618151053.0
borealFinish264,2021-04-18 04:24:16+00:00,True,False,False,False,False,74.0,2512.0,2021-04-18 04:24:16,1618719856.0
batmancantfly13,2021-01-04 19:20:32+00:00,True,False,False,False,False,4587.0,3.0,2021-01-04 19:20:32,1609788032.0
l_4m_Gr00t,2021-01-13 21:58:36+00:00,True,False,False,False,False,691.0,582.0,2021-01-13 21:58:36,1610575116.0
Artoo-Detoowha,2021-01-27 00:28:31+00:00,True,False,False,False,False,2410.0,795.0,2021-01-27 00:28:31,1611707311.0
ZonedPhantom,2021-04-09 03:55:31+00:00,True,False,False,False,False,480.0,19.0,2021-04-09 03:55:31,1617940531.0
PoPBoY447,2021-03-13 02:23:33+00:00,False,False,False,False,False,7886.0,5969.0,2021-03-13 02:23:33,1615602213.0
Toiban7,2021-02-17 05:59:51+00:00,True,False,False,False,False,848.0,331.0,2021-02-17 05:59:51,1613541591.0
SecretAccount694,2021-01-05 06:08:36+00:00,True,False,False,False,False,0.0,1.0,2021-01-05 06:08:36,1609826916.0
factorX56,2021-01-24 02:40:27+00:00,True,False,False,False,False,617.0,803.0,2021-01-24 02:40:27,1611456027.0
Odd_Shake_4619,2021-01-03 07:23:26+00:00,True,False,False,False,False,156.0,60.0,2021-01-03 07:23:26,1609658606.0
kingbeans1,2021-04-02 18:50:03+00:00,False,False,False,False,False,166.0,102.0,2021-04-02 18:50:03,1617389403.0
midnight-owls,2021-04-13 18:17:53+00:00,True,False,False,False,False,282.0,28.0,2021-04-13 18:17:53,1618337873.0
Typical-Layer9233,2021-02-04 05:14:02+00:00,True,False,False,False,False,619.0,10.0,2021-02-04 05:14:02,1612415642.0
Serenity_Brooke,2021-01-04 11:30:45+00:00,True,False,False,False,False,2.0,179.0,2021-01-04 11:30:45,1609759845.0
grassytree3264,2021-01-04 19:18:41+00:00,True,False,False,False,False,24382.0,10559.0,2021-01-04 19:18:41,1609787921.0
cowabunga_peppermel,2021-02-21 07:15:48+00:00,True,False,False,False,False,6938.0,79.0,2021-02-21 07:15:48,1613891748.0
Complete_Ad_1122,2021-02-05 13:02:29+00:00,True,False,False,True,False,11617.0,4987.0,2021-02-05 13:02:29,1612530149.0
Taintmobile69,2021-01-17 20:20:10+00:00,False,False,False,True,False,5115.0,3.0,2021-01-17 20:20:10,1610914810.0
centjes6,2021-02-02 12:25:03+00:00,True,False,False,False,False,3.0,4.0,2021-02-02 12:25:03,1612268703.0
Odnerar,2021-04-04 11:56:12+00:00,True,False,True,False,False,482.0,1083.0,2021-04-04 11:56:12,1617537372.0
Cover9ty9,2021-02-26 12:23:16+00:00,True,False,True,False,False,162.0,7614.0,2021-02-26 12:23:16,1614342196.0
Chiurlo_Zas,2021-04-13 11:34:49+00:00,True,False,True,False,False,424.0,824.0,2021-04-13 11:34:49,1618313689.0
DontCallMeBooger,2021-02-18 18:56:02+00:00,True,False,False,False,False,262.0,40042.0,2021-02-18 18:56:02,1613674562.0
karenGillianlegs,2021-04-03 13:49:26+00:00,False,False,False,False,False,1.0,12208.0,2021-04-03 13:49:26,1617457766.0
uneven212,2021-01-08 13:12:26+00:00,True,False,True,False,False,4017.0,1005.0,2021-01-08 13:12:26,1610111546.0
CaptPeacock_205,2021-02-11 23:59:11+00:00,True,False,False,False,False,725.0,1164.0,2021-02-11 23:59:11,1613087951.0
New-Afternoon-648,2021-03-02 00:18:08+00:00,True,False,False,False,False,303.0,1.0,2021-03-02 00:18:08,1614644288.0
Penis_Parker17,2021-04-21 01:49:55+00:00,True,False,False,False,False,296.0,1.0,2021-04-21 01:49:55,1618969795.0
HeadHigh71,2021-01-30 07:24:36+00:00,True,False,False,False,False,6974.0,57.0,2021-01-30 07:24:36,1611991476.0
bobwoodsrighthand,2021-02-02 19:25:15+00:00,True,False,False,False,False,410.0,1.0,2021-02-02 19:25:15,1612293915.0
NegoUrso,2021-02-17 11:09:19+00:00,False,False,False,False,False,7.0,670.0,2021-02-17 11:09:19,1613560159.0
BornAgainSpecial,2021-04-19 22:59:37+00:00,True,False,False,False,False,2671.0,279.0,2021-04-19 22:59:37,1618873177.0
PM_ME_NICE_STUFF1,2021-03-17 08:00:09+00:00,False,False,False,False,False,8328.0,39.0,2021-03-17 08:00:09,1615968009.0
rt4boobz,2021-02-28 06:06:41+00:00,False,False,False,False,False,15.0,1.0,2021-02-28 06:06:41,1614492401.0
Classicjammer,2021-02-27 09:59:08+00:00,True,False,False,False,False,6843.0,1300.0,2021-02-27 09:59:08,1614419948.0
basicbiddy,2021-02-19 15:36:49+00:00,True,False,False,False,False,24376.0,852.0,2021-02-19 15:36:49,1613749009.0
InitialArgument1662,2021-04-01 08:15:42+00:00,False,False,False,False,False,7469.0,39.0,2021-04-01 08:15:42,1617264942.0
Megabyte7637,2021-04-10 16:49:26+00:00,True,False,False,False,False,25169.0,5.0,2021-04-10 16:49:26,1618073366.0
cowfishAreReal,2021-03-24 21:19:45+00:00,True,False,False,False,False,65362.0,17128.0,2021-03-24 21:19:45,1616620785.0
catfishchapter,2021-03-18 22:31:40+00:00,True,False,False,False,False,4134.0,1556.0,2021-03-18 22:31:40,1616106700.0
SahilSurve,2021-03-11 07:02:50+00:00,True,False,False,False,False,315.0,2414.0,2021-03-11 07:02:50,1615446170.0
lady_ven0m,2021-03-23 00:16:29+00:00,True,False,False,False,False,1100.0,1.0,2021-03-23 00:16:29,1616458589.0
helloworld57852,2021-04-03 17:10:55+00:00,False,False,False,False,False,527.0,293.0,2021-04-03 17:10:55,1617469855.0
ubuntuuuuu,2021-04-07 17:54:55+00:00,True,False,False,False,False,742.0,1.0,2021-04-07 17:54:55,1617818095.0
Adventurous_Stop_341,2021-01-20 15:33:06+00:00,True,False,False,False,False,551.0,29.0,2021-01-20 15:33:06,1611156786.0
FleetingBallons,2021-01-17 22:44:42+00:00,True,False,False,False,False,394.0,8.0,2021-01-17 22:44:42,1610923482.0
Special-Armadillo-99,2021-01-26 22:30:30+00:00,False,False,False,False,False,7892.0,931.0,2021-01-26 22:30:30,1611700230.0
my_alt_account1312,2021-02-09 22:34:13+00:00,True,False,False,False,False,1206.0,51.0,2021-02-09 22:34:13,1612910053.0
Mondholm,2021-01-09 05:58:33+00:00,True,False,False,False,False,6982.0,6.0,2021-01-09 05:58:33,1610171913.0
bhkidd,2021-01-20 11:40:18+00:00,True,False,False,False,False,818.0,112.0,2021-01-20 11:40:18,1611142818.0
K2Links,2021-03-11 19:43:34+00:00,True,False,True,False,False,1474.0,2642.0,2021-03-11 19:43:34,1615491814.0
paradise867,2021-02-11 15:39:52+00:00,False,False,False,False,False,45095.0,4892.0,2021-02-11 15:39:52,1613057992.0
Night_Owl7287,2021-04-15 23:11:52+00:00,True,False,False,False,False,0.0,1.0,2021-04-15 23:11:52,1618528312.0
Worldgots,2021-03-25 04:50:41+00:00,True,False,True,False,False,0.0,13.0,2021-03-25 04:50:41,1616647841.0
clerk1o2,2021-02-23 00:47:39+00:00,True,False,False,False,False,1362.0,7.0,2021-02-23 00:47:39,1614041259.0
Shaqtothefuture,2021-03-06 02:44:58+00:00,True,False,False,False,False,3721.0,17.0,2021-03-06 02:44:58,1614998698.0
bluesocks123,2021-01-09 17:38:54+00:00,False,False,False,False,False,1047.0,65.0,2021-01-09 17:38:54,1610213934.0
Electronic-Hand-5145,2021-02-09 20:44:36+00:00,True,False,False,False,False,3854.0,963.0,2021-02-09 20:44:36,1612903476.0
Pale_Boy_33221,2021-03-29 19:23:05+00:00,True,False,False,False,False,643.0,118.0,2021-03-29 19:23:05,1617045785.0
ChrisFox-NJ,2021-01-09 14:03:21+00:00,True,False,False,False,False,9023.0,759.0,2021-01-09 14:03:21,1610201001.0
RubberAndSteel,2021-01-28 22:02:14+00:00,False,False,False,False,False,1692.0,4005.0,2021-01-28 22:02:14,1611871334.0
MoneyIsntRealGeorge,2021-03-13 16:21:30+00:00,True,False,True,False,False,9264.0,2255.0,2021-03-13 16:21:30,1615652490.0
MemphisGalInTampa,2021-01-29 17:36:51+00:00,True,False,False,False,False,7555.0,147.0,2021-01-29 17:36:51,1611941811.0
akayeetusdeletus,2021-03-16 03:57:43+00:00,False,False,False,False,False,4313.0,1.0,2021-03-16 03:57:43,1615867063.0
TheForestPhoenix,2021-02-04 22:10:50+00:00,True,False,True,False,False,1775.0,692.0,2021-02-04 22:10:50,1612476650.0
meownfloof,2021-01-16 17:32:27+00:00,True,False,False,False,False,3960.0,1477.0,2021-01-16 17:32:27,1610818347.0
rubybun,2021-01-14 05:57:15+00:00,True,False,False,False,False,12194.0,8417.0,2021-01-14 05:57:15,1610603835.0
Corpse_Caprese,2021-03-12 10:08:45+00:00,False,False,False,False,False,4857.0,2492.0,2021-03-12 10:08:45,1615543725.0
Sturrux,2021-02-10 21:37:32+00:00,True,False,True,False,False,7529.0,6020.0,2021-02-10 21:37:32,1612993052.0
Evilbananamama,2021-01-29 10:47:06+00:00,True,False,False,False,False,289.0,29.0,2021-01-29 10:47:06,1611917226.0
10wasoneofnone,2021-02-24 06:48:43+00:00,True,False,False,False,False,6270.0,16.0,2021-02-24 06:48:43,1614149323.0
CosmicSlayer99,2021-02-01 19:28:09+00:00,True,False,True,False,False,12950.0,1453.0,2021-02-01 19:28:09,1612207689.0
AmbitiousOrange_242,2021-02-05 22:22:07+00:00,True,False,False,False,False,1082.0,1.0,2021-02-05 22:22:07,1612563727.0
FearingPerception,2021-01-20 03:41:47+00:00,False,False,False,False,False,19728.0,1693.0,2021-01-20 03:41:47,1611114107.0
AndiKris,2021-01-01 20:18:53+00:00,True,False,True,False,False,14755.0,317.0,2021-01-01 20:18:53,1609532333.0
JackosMonkeyBBLZ,2021-02-02 13:04:16+00:00,False,False,False,False,False,2168.0,111.0,2021-02-02 13:04:16,1612271056.0
Perfect-Baseball-681,2021-01-11 01:53:44+00:00,True,False,False,False,False,2005.0,79.0,2021-01-11 01:53:44,1610330024.0
rentonlives,2021-03-02 20:50:00+00:00,False,False,False,False,False,10269.0,90.0,2021-03-02 20:50:00,1614718200.0
PlantsforFire,2021-03-20 21:53:20+00:00,True,False,False,False,False,5385.0,1009.0,2021-03-20 21:53:20,1616277200.0
PensHard,2021-01-02 18:43:18+00:00,False,False,False,False,False,7927.0,15500.0,2021-01-02 18:43:18,1609612998.0
possessedbyelf,2021-04-11 00:07:44+00:00,True,False,False,False,False,2050.0,570.0,2021-04-11 00:07:44,1618099664.0
bootyhunter669,2021-04-07 14:41:38+00:00,True,False,False,False,False,0.0,1.0,2021-04-07 14:41:38,1617806498.0
BlockAccurate6714,2021-01-24 06:48:08+00:00,True,False,False,False,False,-1.0,300.0,2021-01-24 06:48:08,1611470888.0
thepentongraphy,2021-04-06 01:45:53+00:00,True,False,False,False,False,0.0,9.0,2021-04-06 01:45:53,1617673553.0
31oN,2021-03-27 14:20:50+00:00,True,False,False,False,False,1375.0,1120.0,2021-03-27 14:20:50,1616854850.0
rumple_shitstick,2021-01-07 14:52:12+00:00,False,False,False,False,False,13650.0,18956.0,2021-01-07 14:52:12,1610031132.0
EntertainmentSuper65,2021-03-24 20:01:20+00:00,True,False,False,False,False,1016.0,261.0,2021-03-24 20:01:20,1616616080.0
cisFem-Programmer,2021-02-15 19:45:44+00:00,False,False,False,False,False,3290.0,107.0,2021-02-15 19:45:44,1613418344.0
EveningAccident8319,2021-02-06 03:02:49+00:00,False,False,False,False,False,23582.0,8.0,2021-02-06 03:02:49,1612580569.0
109045,2021-03-13 11:08:39+00:00,True,False,False,False,False,15.0,1.0,2021-03-13 11:08:39,1615633719.0
abc0011_,2021-04-07 06:46:22+00:00,True,False,True,False,False,445.0,4682.0,2021-04-07 06:46:22,1617777982.0
Snowman-of-NorthPole,2021-04-02 06:00:25+00:00,True,False,False,False,False,106.0,93.0,2021-04-02 06:00:25,1617343225.0
popmetalkaleidoscope,2021-04-04 08:29:51+00:00,True,False,False,False,False,422.0,24.0,2021-04-04 08:29:51,1617524991.0
Good_Sea_6260,2021-01-31 05:26:43+00:00,False,False,False,False,False,201.0,43.0,2021-01-31 05:26:43,1612070803.0
Toikal,2021-01-18 17:18:03+00:00,False,False,False,False,False,2102.0,946.0,2021-01-18 17:18:03,1610990283.0
brokenbrooms,2021-04-09 02:18:18+00:00,True,False,False,False,False,773.0,800.0,2021-04-09 02:18:18,1617934698.0
Anomymous131369,2021-03-21 21:41:23+00:00,True,False,False,False,False,38.0,1.0,2021-03-21 21:41:23,1616362883.0
meantforjerkoff,2021-01-23 09:40:44+00:00,True,False,False,False,False,-7.0,3.0,2021-01-23 09:40:44,1611394844.0
zw5859,2021-02-24 00:46:18+00:00,True,False,False,False,False,542.0,412.0,2021-02-24 00:46:18,1614127578.0
kdkxkdkdkdn,2021-04-03 01:35:09+00:00,False,False,False,False,False,29.0,12.0,2021-04-03 01:35:09,1617413709.0
Moon_HK,2021-02-28 17:13:25+00:00,True,False,False,False,False,2720.0,12.0,2021-02-28 17:13:25,1614532405.0
scepticalbeing94,2021-03-19 21:24:44+00:00,True,False,False,False,False,12808.0,399.0,2021-03-19 21:24:44,1616189084.0
randomuwuwueve,2021-04-08 00:58:37+00:00,True,False,False,False,False,122.0,1.0,2021-04-08 00:58:37,1617843517.0
zephyrBoom72,2021-02-22 10:25:36+00:00,False,False,False,False,False,2995.0,4445.0,2021-02-22 10:25:36,1613989536.0
Anti_Fake_Yoda_Bot,2021-03-08 15:56:43+00:00,True,False,True,False,False,37975.0,2.0,2021-03-08 15:56:43,1615219003.0
Anti_Anti_Yoda_Bot,2021-03-28 06:43:59+00:00,True,False,True,False,False,5549.0,1.0,2021-03-28 06:43:59,1616913839.0
SlippinJimmy333,2021-01-23 09:22:21+00:00,True,False,False,False,False,3051.0,7193.0,2021-01-23 09:22:21,1611393741.0
Vincent_De_Balzac,2021-02-26 10:59:57+00:00,True,False,False,False,False,353.0,23.0,2021-02-26 10:59:57,1614337197.0
piratesbootytreasure,2021-04-03 14:45:49+00:00,True,False,True,False,False,0.0,2286.0,2021-04-03 14:45:49,1617461149.0
BoxsetQueen1980,2021-01-07 20:02:27+00:00,True,False,False,False,False,8079.0,91.0,2021-01-07 20:02:27,1610049747.0
ConfusedKoala98,2021-03-09 11:05:35+00:00,True,False,False,False,False,4121.0,2412.0,2021-03-09 11:05:35,1615287935.0
pain198400,2021-03-12 01:37:05+00:00,False,False,True,False,False,20328.0,4880.0,2021-03-12 01:37:05,1615513025.0
Technical-Waltz931,2021-04-07 15:05:02+00:00,False,False,False,False,False,5.0,1.0,2021-04-07 15:05:02,1617807902.0
2017IsPrimeNaomiKyle,2021-03-29 21:48:58+00:00,True,False,False,False,False,1.0,1.0,2021-03-29 21:48:58,1617054538.0
vapid_nob,2021-02-04 14:35:09+00:00,True,False,False,False,False,-16.0,1.0,2021-02-04 14:35:09,1612449309.0
GeorgianPeriod,2021-03-21 15:37:06+00:00,True,False,True,False,False,2.0,5799.0,2021-03-21 15:37:06,1616341026.0
South-Wind-5420,2021-01-28 02:57:13+00:00,True,False,False,False,False,90.0,8.0,2021-01-28 02:57:13,1611802633.0
0101010101110101,2021-03-03 18:51:34+00:00,True,False,True,False,False,32.0,1.0,2021-03-03 18:51:34,1614797494.0
PeterDD17,2021-01-18 11:10:41+00:00,True,False,False,False,False,-3.0,1.0,2021-01-18 11:10:41,1610968241.0
Background_Ad_4248,2021-01-26 13:53:46+00:00,True,False,True,False,False,8643.0,1.0,2021-01-26 13:53:46,1611669226.0
riverdogg69,2021-01-29 02:55:20+00:00,True,False,False,False,False,563.0,1.0,2021-01-29 02:55:20,1611888920.0
RedditDigger69,2021-03-16 18:23:28+00:00,True,False,False,False,False,125.0,319.0,2021-03-16 18:23:28,1615919008.0
jasonbevans,2021-03-26 21:56:40+00:00,True,False,False,False,False,343.0,3181.0,2021-03-26 21:56:40,1616795800.0
agathe_jeanne,2021-03-24 18:00:02+00:00,True,False,True,False,False,0.0,940.0,2021-03-24 18:00:02,1616608802.0
IamHere019,2021-02-28 21:58:50+00:00,True,False,False,False,False,4.0,530.0,2021-02-28 21:58:50,1614549530.0
HaremDaddy8,2021-01-14 05:47:03+00:00,True,False,False,False,False,67.0,1.0,2021-01-14 05:47:03,1610603223.0
Environmental-Bee539,2021-01-19 22:00:55+00:00,True,False,False,False,False,1.0,1.0,2021-01-19 22:00:55,1611093655.0
Shoddy-Welcome-6227,2021-01-13 00:28:59+00:00,True,False,False,False,False,296.0,1.0,2021-01-13 00:28:59,1610497739.0
YaMomsCooch,2021-03-21 21:06:29+00:00,True,False,False,False,False,17712.0,15605.0,2021-03-21 21:06:29,1616360789.0
The_Alchemy_Artist,2021-03-21 19:18:02+00:00,True,False,False,False,False,728.0,3.0,2021-03-21 19:18:02,1616354282.0
Xelcar,2021-03-10 02:19:31+00:00,True,False,False,False,False,107.0,1.0,2021-03-10 02:19:31,1615342771.0
whiteboiiiiiiiiii,2021-02-24 15:55:47+00:00,True,False,False,False,False,48.0,1.0,2021-02-24 15:55:47,1614182147.0
shambam4182,2021-01-06 11:42:54+00:00,False,False,False,False,False,6268.0,368.0,2021-01-06 11:42:54,1609933374.0
Diego_612,2021-02-04 21:28:51+00:00,False,False,False,False,False,2084.0,59.0,2021-02-04 21:28:51,1612474131.0
Dark-All-Day,2021-02-04 09:47:56+00:00,True,False,False,False,False,16010.0,26275.0,2021-02-04 09:47:56,1612432076.0
Distinct-Reward951,2021-02-04 05:14:57+00:00,True,False,False,False,False,0.0,1.0,2021-02-04 05:14:57,1612415697.0
Bakvo,2021-03-31 20:19:59+00:00,True,False,False,False,False,619.0,7241.0,2021-03-31 20:19:59,1617221999.0
ChikenNuggetgod53,2021-04-12 11:36:58+00:00,True,False,True,False,False,91.0,898.0,2021-04-12 11:36:58,1618227418.0
Fairness4JohnnyDepp,2021-04-01 02:27:58+00:00,True,False,False,False,False,0.0,1.0,2021-04-01 02:27:58,1617244078.0
Icy-Resident-7991,2021-02-01 14:03:51+00:00,True,False,False,False,False,-8.0,1.0,2021-02-01 14:03:51,1612188231.0
MKUltraVioletlight,2021-01-15 12:34:26+00:00,True,False,False,True,False,9555.0,3810.0,2021-01-15 12:34:26,1610714066.0
Chance-Ad-9111,2021-02-08 21:21:44+00:00,True,False,False,True,False,5918.0,1.0,2021-02-08 21:21:44,1612819304.0
PricklyPickledPie,2021-02-15 01:04:11+00:00,True,False,False,False,False,30265.0,2.0,2021-02-15 01:04:11,1613351051.0
bonsaithot,2021-03-10 06:52:12+00:00,False,False,True,False,False,28850.0,5135.0,2021-03-10 06:52:12,1615359132.0
MinderReminder,2021-01-04 10:52:16+00:00,True,False,False,True,False,18559.0,2877.0,2021-01-04 10:52:16,1609757536.0
NatashaReigns,2021-02-13 19:37:57+00:00,True,False,False,False,False,2528.0,3.0,2021-02-13 19:37:57,1613245077.0
mostlygroovy,2021-02-10 18:06:50+00:00,True,False,False,False,False,31079.0,941.0,2021-02-10 18:06:50,1612980410.0
AllMightyKittyCat,2021-03-10 00:31:50+00:00,True,False,False,False,False,1749.0,1.0,2021-03-10 00:31:50,1615336310.0
Comin_Up_Millhouse,2021-03-16 20:28:39+00:00,True,False,False,False,False,1665.0,28.0,2021-03-16 20:28:39,1615926519.0
private256,2021-02-21 05:30:28+00:00,True,False,False,False,False,5953.0,781.0,2021-02-21 05:30:28,1613885428.0
LostInaSeaOfComments,2021-03-18 22:43:34+00:00,True,False,False,False,False,50951.0,307.0,2021-03-18 22:43:34,1616107414.0
firsttestspin,2021-02-07 20:23:02+00:00,True,False,False,False,False,152.0,42.0,2021-02-07 20:23:02,1612729382.0
paranoidpolski,2021-04-14 04:56:42+00:00,True,False,False,False,False,1935.0,597.0,2021-04-14 04:56:42,1618376202.0
K-TownYolo,2021-02-04 02:19:58+00:00,False,False,False,True,False,855.0,3472.0,2021-02-04 02:19:58,1612405198.0
xm791,2021-03-28 09:38:28+00:00,True,False,True,False,False,3988.0,15962.0,2021-03-28 09:38:28,1616924308.0
is_sex_real,2021-01-29 20:05:57+00:00,True,False,True,False,False,30844.0,12010.0,2021-01-29 20:05:57,1611950757.0
john_0192,2021-01-05 21:44:48+00:00,True,False,False,False,False,2304.0,1.0,2021-01-05 21:44:48,1609883088.0
curiouscreator00,2021-05-10 12:24:13+00:00,True,False,False,False,False,16.0,113.0,2021-05-10 12:24:13,1620649453.0
10Clutch010,2021-02-08 00:26:08+00:00,True,False,False,False,False,3602.0,117958.0,2021-02-08 00:26:08,1612743968.0
Giant_Metal_Goat,2021-03-08 16:37:01+00:00,True,False,False,False,False,12579.0,13328.0,2021-03-08 16:37:01,1615221421.0
SCCP-1910,2021-04-24 18:22:14+00:00,True,False,False,False,False,29.0,1.0,2021-04-24 18:22:14,1619288534.0
RAINNlevi,2021-03-07 14:26:20+00:00,False,False,True,False,False,116242.0,77192.0,2021-03-07 14:26:20,1615127180.0
karlbenedict12,2021-03-09 11:34:57+00:00,True,False,True,False,False,2385.0,3007.0,2021-03-09 11:34:57,1615289697.0
TheMHAfandom,2021-03-16 10:43:10+00:00,False,False,False,False,False,290.0,3832.0,2021-03-16 10:43:10,1615891390.0
Apeirophobia69,2021-01-22 17:56:55+00:00,True,False,False,False,False,11916.0,321.0,2021-01-22 17:56:55,1611338215.0
quotekingkiller,2021-01-22 07:13:04+00:00,True,False,False,False,False,4315.0,1354.0,2021-01-22 07:13:04,1611299584.0
LoveTheMagic,2021-04-29 23:14:43+00:00,True,False,False,False,False,1721.0,1.0,2021-04-29 23:14:43,1619738083.0
DudleyDingleberry21,2021-04-26 11:27:37+00:00,False,False,False,False,False,2282.0,4.0,2021-04-26 11:27:37,1619436457.0
mattmelrach,2021-03-02 15:03:00+00:00,True,False,False,False,False,4556.0,10015.0,2021-03-02 15:03:00,1614697380.0
S1mp_Man,2021-03-11 05:19:33+00:00,True,False,True,False,False,17889.0,10313.0,2021-03-11 05:19:33,1615439973.0
Invisible_Target,2021-02-02 20:11:06+00:00,True,False,True,False,False,22993.0,1288.0,2021-02-02 20:11:06,1612296666.0
WarAdministrative812,2021-02-04 08:58:03+00:00,True,False,False,False,False,3843.0,1.0,2021-02-04 08:58:03,1612429083.0
No_Try_3081,2021-01-04 15:45:04+00:00,True,False,False,False,False,990.0,3.0,2021-01-04 15:45:04,1609775104.0
please_no_thank,2021-03-16 12:54:59+00:00,False,False,False,False,False,99.0,1.0,2021-03-16 12:54:59,1615899299.0
BritneySpearspanties,2021-05-06 03:22:29+00:00,True,False,True,False,False,3.0,10306.0,2021-05-06 03:22:29,1620271349.0
Flaky_Gazelle_1027,2021-03-04 20:21:39+00:00,True,False,False,False,False,1093.0,1.0,2021-03-04 20:21:39,1614889299.0
novababy91,2021-01-12 20:18:42+00:00,False,False,False,False,False,1149.0,9502.0,2021-01-12 20:18:42,1610482722.0
pacific-piercer,2021-01-16 12:23:20+00:00,False,False,False,False,False,1483.0,102.0,2021-01-16 12:23:20,1610799800.0
impactcarter,2021-05-02 02:55:21+00:00,True,False,False,False,False,1058.0,1416.0,2021-05-02 02:55:21,1619924121.0
CyborgSpaceDinosaur,2021-01-29 07:33:45+00:00,True,False,False,False,False,294.0,72.0,2021-01-29 07:33:45,1611905625.0
newyorkreport,2021-05-09 09:12:01+00:00,True,False,False,False,False,0.0,1.0,2021-05-09 09:12:01,1620551521.0
Buckweed_420,2021-01-20 04:32:06+00:00,True,False,False,False,False,1468.0,6.0,2021-01-20 04:32:06,1611117126.0
McRibEater,2021-01-25 00:15:09+00:00,False,False,False,False,False,12975.0,1.0,2021-01-25 00:15:09,1611533709.0
nock_loose,2021-04-26 01:22:21+00:00,True,False,False,False,False,7602.0,27.0,2021-04-26 01:22:21,1619400141.0
Far_Ad_930,2021-02-21 17:32:24+00:00,True,False,False,False,False,8353.0,1976.0,2021-02-21 17:32:24,1613928744.0
DeadlineGooner21,2021-02-02 19:48:43+00:00,True,False,False,False,False,1606.0,881.0,2021-02-02 19:48:43,1612295323.0
spiritual_one1,2021-01-21 11:25:18+00:00,True,False,True,False,False,60.0,1717.0,2021-01-21 11:25:18,1611228318.0
Just_Perception_7965,2021-01-31 08:10:34+00:00,True,False,False,False,False,0.0,1.0,2021-01-31 08:10:34,1612080634.0
atheoryofatlantis,2021-03-30 19:16:24+00:00,True,False,False,False,False,315.0,127.0,2021-03-30 19:16:24,1617131784.0
Cultist902,2021-03-05 11:06:52+00:00,True,False,False,False,False,23728.0,396.0,2021-03-05 11:06:52,1614942412.0
TheSilenceofReason,2021-02-08 20:04:53+00:00,True,False,False,False,False,20547.0,705.0,2021-02-08 20:04:53,1612814693.0
Bludgeoned-Testicles,2021-01-19 12:55:22+00:00,True,False,False,False,False,3320.0,178.0,2021-01-19 12:55:22,1611060922.0
TheMoffisHere,2021-04-05 16:25:22+00:00,True,False,False,False,False,247.0,233.0,2021-04-05 16:25:22,1617639922.0
SICHKLA,2021-02-02 18:31:11+00:00,True,False,False,False,False,16500.0,9634.0,2021-02-02 18:31:11,1612290671.0
ryerye35,2021-02-24 04:33:50+00:00,True,False,False,False,False,329.0,3.0,2021-02-24 04:33:50,1614141230.0
DatapointCollector,2021-01-05 03:52:19+00:00,True,False,False,True,False,1430.0,56.0,2021-01-05 03:52:19,1609818739.0
Lost-Sun671,2021-05-03 14:32:40+00:00,True,False,False,False,False,205.0,1394.0,2021-05-03 14:32:40,1620052360.0
KamaIsLife,2021-03-02 21:34:18+00:00,True,False,False,False,False,40561.0,16303.0,2021-03-02 21:34:18,1614720858.0
CS9350,2021-01-30 23:31:11+00:00,True,False,True,False,False,3217.0,6732.0,2021-01-30 23:31:11,1612049471.0
Xanone0101,2021-04-13 08:54:36+00:00,True,False,False,False,False,0.0,1.0,2021-04-13 08:54:36,1618304076.0
johnnytwofeetOF,2021-02-22 01:25:45+00:00,True,False,False,False,False,9100.0,548.0,2021-02-22 01:25:45,1613957145.0
SkreenExtension,2021-03-27 00:43:15+00:00,False,False,False,False,False,102.0,264.0,2021-03-27 00:43:15,1616805795.0
johnavondale,2021-01-23 01:45:19+00:00,True,False,True,False,False,22.0,3294.0,2021-01-23 01:45:19,1611366319.0
Persohosh,2021-05-01 16:55:35+00:00,False,False,False,False,False,0.0,1.0,2021-05-01 16:55:35,1619888135.0
Scorpionzst0rm,2021-04-29 02:54:41+00:00,True,False,False,False,False,2.0,3.0,2021-04-29 02:54:41,1619664881.0
LyricalShinobi5,2021-02-09 02:36:36+00:00,True,False,True,False,False,4241.0,31.0,2021-02-09 02:36:36,1612838196.0
bwjaay,2021-04-06 19:17:28+00:00,False,False,False,False,False,1.0,101.0,2021-04-06 19:17:28,1617736648.0
Go_cards502,2021-01-25 20:51:29+00:00,True,False,False,False,False,3483.0,662.0,2021-01-25 20:51:29,1611607889.0
Ok_Communication6957,2021-03-28 22:15:45+00:00,True,False,False,False,False,9.0,1.0,2021-03-28 22:15:45,1616969745.0
BrainyUpsh,2021-05-04 20:10:59+00:00,False,False,False,False,False,0.0,1.0,2021-05-04 20:10:59,1620159059.0
Adinaylosh,2021-05-04 16:05:28+00:00,False,False,False,False,False,0.0,1.0,2021-05-04 16:05:28,1620144328.0
LoudSwimming5971,2021-04-20 15:42:18+00:00,True,False,False,False,False,130.0,10.0,2021-04-20 15:42:18,1618933338.0
supersarah1010,2021-03-29 01:35:50+00:00,True,False,False,False,False,886.0,1.0,2021-03-29 01:35:50,1616981750.0
ReturnInRed,2021-02-17 02:45:41+00:00,True,False,False,False,False,4802.0,23.0,2021-02-17 02:45:41,1613529941.0
Hacked-Up-4-BBQ,2021-04-17 21:32:10+00:00,False,False,True,False,False,6444.0,1989.0,2021-04-17 21:32:10,1618695130.0
Hornyralf37,2021-04-01 15:31:28+00:00,True,False,False,False,False,325.0,470.0,2021-04-01 15:31:28,1617291088.0
Adventurous-Tea8822,2021-01-30 15:22:49+00:00,True,False,False,False,False,33.0,1313.0,2021-01-30 15:22:49,1612020169.0
Puzzled_Direction_57,2021-05-03 01:02:45+00:00,False,False,False,False,False,1580.0,1.0,2021-05-03 01:02:45,1620003765.0
Mother-Key582,2021-03-09 15:32:50+00:00,True,False,False,False,False,12701.0,1885.0,2021-03-09 15:32:50,1615303970.0
empygon,2021-02-16 08:37:17+00:00,True,False,False,False,False,227.0,1.0,2021-02-16 08:37:17,1613464637.0
CodImpressive1619,2021-03-16 02:21:26+00:00,True,False,False,False,False,2320.0,137.0,2021-03-16 02:21:26,1615861286.0
r2bertO,2021-04-03 16:13:14+00:00,False,False,False,False,False,62.0,1.0,2021-04-03 16:13:14,1617466394.0
chef_ry_,2021-01-30 03:28:59+00:00,True,False,False,False,False,5880.0,4069.0,2021-01-30 03:28:59,1611977339.0
SubzeroPrunusPersica,2021-03-21 02:10:32+00:00,True,False,False,False,False,316.0,1058.0,2021-03-21 02:10:32,1616292632.0
NestleLover21,2021-02-22 14:15:53+00:00,True,False,False,False,False,273.0,59.0,2021-02-22 14:15:53,1614003353.0
Antcrafter,2021-01-27 09:36:37+00:00,True,False,True,False,False,1768.0,3650.0,2021-01-27 09:36:37,1611740197.0
Confident_Village_89,2021-03-14 07:51:20+00:00,True,False,False,False,False,180.0,1.0,2021-03-14 07:51:20,1615708280.0
Shakespeare-Bot,2021-02-24 03:39:41+00:00,True,False,False,True,False,610056.0,119.0,2021-02-24 03:39:41,1614137981.0
Regions17,2021-02-21 03:07:03+00:00,False,False,False,False,False,20.0,114.0,2021-02-21 03:07:03,1613876823.0
PM-ME-BIG-TITS9235,2021-05-12 08:13:25+00:00,False,False,False,False,False,3310.0,26.0,2021-05-12 08:13:25,1620807205.0
Wakabomb,2021-04-28 17:01:32+00:00,False,False,False,False,False,181.0,18869.0,2021-04-28 17:01:32,1619629292.0
IcyAd5834,2021-04-11 05:26:46+00:00,True,False,False,False,False,355.0,1.0,2021-04-11 05:26:46,1618118806.0
have-ahappygenocide,2021-05-05 09:54:16+00:00,True,False,False,False,False,49.0,23323.0,2021-05-05 09:54:16,1620208456.0
Loveseeingthatsmile,2021-02-09 00:58:21+00:00,True,False,False,False,False,30234.0,270.0,2021-02-09 00:58:21,1612832301.0
_NutterButter69420,2021-02-08 21:46:06+00:00,True,False,False,False,False,45.0,1.0,2021-02-08 21:46:06,1612820766.0
Karababe26,2021-05-28 01:30:38+00:00,True,False,True,False,False,27.0,23.0,2021-05-28 01:30:38,1622165438.0
Kitchen-Magnet,2021-05-06 18:24:27+00:00,True,False,False,False,False,1282.0,897.0,2021-05-06 18:24:27,1620325467.0
Bakemydaybaby,2021-01-04 02:06:30+00:00,True,False,False,False,False,4184.0,3.0,2021-01-04 02:06:30,1609725990.0
damselinda,2021-01-30 16:11:26+00:00,True,False,False,False,False,23814.0,1139.0,2021-01-30 16:11:26,1612023086.0
Financial_Juice2115,2021-02-04 01:41:44+00:00,True,False,False,False,False,16659.0,330.0,2021-02-04 01:41:44,1612402904.0
Superboredtexasguy,2021-04-28 17:12:00+00:00,True,False,False,False,False,28.0,1.0,2021-04-28 17:12:00,1619629920.0
JustAStandByGuy,2021-02-22 21:50:01+00:00,True,False,True,False,False,1202.0,20595.0,2021-02-22 21:50:01,1614030601.0
Electronic-Road8399,2021-05-24 03:41:33+00:00,True,False,False,False,False,118.0,1771.0,2021-05-24 03:41:33,1621827693.0
smalldboyx,2021-04-05 01:44:52+00:00,True,False,False,False,False,0.0,1.0,2021-04-05 01:44:52,1617587092.0
Infamous_Criticism95,2021-04-26 06:50:59+00:00,True,False,True,False,False,322.0,2893.0,2021-04-26 06:50:59,1619419859.0
justanormaldude1912,2021-04-29 19:34:32+00:00,True,False,True,False,False,147.0,1543.0,2021-04-29 19:34:32,1619724872.0
AdFresh3257,2021-04-15 12:31:19+00:00,True,False,False,False,False,14.0,34.0,2021-04-15 12:31:19,1618489879.0
AllWithinMyHandz,2021-02-06 17:11:02+00:00,True,False,False,False,False,926.0,4703.0,2021-02-06 17:11:02,1612631462.0
Annfia,2021-01-31 07:39:18+00:00,True,False,False,False,False,272.0,129.0,2021-01-31 07:39:18,1612078758.0
Goldenstate4life,2021-02-02 14:47:07+00:00,True,False,True,False,False,401.0,1099.0,2021-02-02 14:47:07,1612277227.0
Acceptable_Cod_3524,2021-05-14 17:39:41+00:00,False,False,False,False,False,0.0,865.0,2021-05-14 17:39:41,1621013981.0
phantomqueen_13,2021-01-06 14:29:32+00:00,True,False,True,False,False,36817.0,45886.0,2021-01-06 14:29:32,1609943372.0
TemptedIntoSin,2021-02-11 23:29:47+00:00,True,False,False,False,False,50446.0,1292.0,2021-02-11 23:29:47,1613086187.0
GoldenWaterfallFleur,2021-02-04 00:19:31+00:00,True,False,False,True,False,5841.0,565.0,2021-02-04 00:19:31,1612397971.0
Mathsu_1217,2021-02-15 16:28:36+00:00,True,False,False,False,False,4875.0,143.0,2021-02-15 16:28:36,1613406516.0
ComprehensiveTotal39,2021-03-02 05:17:09+00:00,True,False,False,False,False,1814.0,1.0,2021-03-02 05:17:09,1614662229.0
Jimmsmoeing,2021-04-18 23:41:18+00:00,True,False,False,False,False,246.0,213.0,2021-04-18 23:41:18,1618789278.0
dave-ex-machina,2021-04-07 15:25:58+00:00,True,False,False,False,False,601.0,65.0,2021-04-07 15:25:58,1617809158.0
Odd-Breakfast3369,2021-04-03 01:07:45+00:00,True,False,False,False,False,10596.0,85.0,2021-04-03 01:07:45,1617412065.0
dontbesocurious,2021-04-10 07:29:19+00:00,True,False,False,False,False,1722.0,30.0,2021-04-10 07:29:19,1618039759.0
vreeslewe,2021-01-18 08:50:21+00:00,True,False,False,False,False,3272.0,5341.0,2021-01-18 08:50:21,1610959821.0
HATE_BOT_6137262,2021-05-17 20:04:51+00:00,False,False,False,False,False,165.0,1.0,2021-05-17 20:04:51,1621281891.0
YourLocal_brit,2021-02-08 11:48:27+00:00,True,False,False,False,False,9314.0,47.0,2021-02-08 11:48:27,1612784907.0
6twoRaptor,2021-03-25 02:35:01+00:00,True,False,False,False,False,15883.0,2.0,2021-03-25 02:35:01,1616639701.0
pirateshq,2021-04-19 18:35:07+00:00,True,False,False,False,False,0.0,13507.0,2021-04-19 18:35:07,1618857307.0
Sleeper1034,2021-03-24 23:03:19+00:00,True,False,False,False,False,1.0,865.0,2021-03-24 23:03:19,1616626999.0
gigidigigidigoo,2021-01-27 01:12:39+00:00,False,False,False,False,False,3127.0,1360.0,2021-01-27 01:12:39,1611709959.0
niceguysmiles,2021-04-25 16:57:37+00:00,True,False,False,False,False,847.0,87.0,2021-04-25 16:57:37,1619369857.0
cptn3sm10,2021-02-10 14:16:32+00:00,True,False,True,False,False,1436.0,19887.0,2021-02-10 14:16:32,1612966592.0
Virus19847,2021-02-05 13:24:29+00:00,False,False,True,False,False,987.0,8646.0,2021-02-05 13:24:29,1612531469.0
God_Bobby,2021-01-31 20:50:49+00:00,True,False,False,False,False,355.0,559.0,2021-01-31 20:50:49,1612126249.0
Electrical_Bug2699,2021-02-20 21:43:20+00:00,True,False,False,False,False,209.0,1.0,2021-02-20 21:43:20,1613857400.0
markS093,2021-03-25 02:35:02+00:00,False,False,True,False,False,393.0,4823.0,2021-03-25 02:35:02,1616639702.0
Nick271997,2021-03-13 23:58:01+00:00,True,False,False,False,False,1009.0,1.0,2021-03-13 23:58:01,1615679881.0
DooM_BlazeR,2021-03-27 13:29:05+00:00,True,False,True,False,False,1313.0,1.0,2021-03-27 13:29:05,1616851745.0
ObjectSpirited494,2021-03-04 22:12:19+00:00,True,False,True,False,False,15730.0,15920.0,2021-03-04 22:12:19,1614895939.0
coffeebeanbeing,2021-01-25 06:47:45+00:00,True,False,False,False,False,292.0,49.0,2021-01-25 06:47:45,1611557265.0
squawkalley,2021-02-01 22:45:30+00:00,True,False,True,True,False,11.0,484.0,2021-02-01 22:45:30,1612219530.0
Merry_on_reddit,2021-03-30 17:22:58+00:00,True,False,False,False,False,4.0,1.0,2021-03-30 17:22:58,1617124978.0
djabzsj,2021-02-22 09:27:10+00:00,True,False,False,False,False,10630.0,453.0,2021-02-22 09:27:10,1613986030.0
real_estate_newb,2021-05-30 04:39:17+00:00,False,False,False,False,False,40.0,1.0,2021-05-30 04:39:17,1622349557.0
DonnaldRumpSkin,2021-05-27 17:15:50+00:00,True,False,False,False,False,1613.0,1.0,2021-05-27 17:15:50,1622135750.0
TimidGold,2021-01-12 06:01:03+00:00,True,False,False,False,False,4089.0,2.0,2021-01-12 06:01:03,1610431263.0
Extension_Hunt1782,2021-01-16 03:30:48+00:00,True,False,False,False,False,394.0,1.0,2021-01-16 03:30:48,1610767848.0
patraboi,2021-04-30 05:43:22+00:00,True,False,False,False,False,830.0,219.0,2021-04-30 05:43:22,1619761402.0
theuglyomelette,2021-03-29 23:20:37+00:00,True,False,False,False,False,1547.0,1.0,2021-03-29 23:20:37,1617060037.0
MysteriousBeat5847,2021-02-11 12:56:39+00:00,True,False,False,False,False,2425.0,3521.0,2021-02-11 12:56:39,1613048199.0
here_4_fun78,2021-05-22 10:37:47+00:00,True,False,False,False,False,241.0,91.0,2021-05-22 10:37:47,1621679867.0
UKdude30,2021-02-05 13:44:27+00:00,True,False,False,False,False,981.0,1288.0,2021-02-05 13:44:27,1612532667.0
anythingbro1,2021-02-01 04:56:03+00:00,False,False,False,False,False,94.0,50.0,2021-02-01 04:56:03,1612155363.0
Ladder_To_Nowhere,2021-05-11 23:21:13+00:00,True,False,True,False,False,652.0,100.0,2021-05-11 23:21:13,1620775273.0
serv94,2021-05-16 11:22:01+00:00,False,False,False,False,False,19.0,264.0,2021-05-16 11:22:01,1621164121.0
Stanley_Elkind,2021-01-25 02:04:24+00:00,True,False,False,False,False,22104.0,30001.0,2021-01-25 02:04:24,1611540264.0
Harrow14,2021-03-09 13:27:23+00:00,True,False,False,False,False,3225.0,483.0,2021-03-09 13:27:23,1615296443.0
supermadscientist,2021-04-01 17:45:44+00:00,True,False,False,False,False,359.0,14.0,2021-04-01 17:45:44,1617299144.0
Eaglesword66,2021-02-22 10:52:12+00:00,True,False,False,False,False,48721.0,1.0,2021-02-22 10:52:12,1613991132.0
BiCelebLVR,2021-03-23 03:46:07+00:00,True,False,True,False,False,975.0,4416.0,2021-03-23 03:46:07,1616471167.0
2BrokeGirlsFan,2021-02-12 05:08:43+00:00,True,False,True,False,False,4130.0,2232.0,2021-02-12 05:08:43,1613106523.0
Careless_Quote_3326,2021-02-27 19:39:18+00:00,True,False,False,False,False,203.0,1.0,2021-02-27 19:39:18,1614454758.0
RoleplayTime21,2021-04-14 11:10:20+00:00,False,False,False,False,False,220.0,1188.0,2021-04-14 11:10:20,1618398620.0
Blackfist01,2021-04-04 23:05:10+00:00,True,False,False,False,False,30352.0,238.0,2021-04-04 23:05:10,1617577510.0
LoveAmberHeard42286,2021-01-07 12:34:04+00:00,True,False,True,False,False,146.0,3388.0,2021-01-07 12:34:04,1610022844.0
lanajamesfan,2021-01-18 18:04:04+00:00,False,False,False,False,False,483.0,347.0,2021-01-18 18:04:04,1610993044.0
EricCarterYT,2021-03-06 14:18:52+00:00,True,False,False,False,False,0.0,183.0,2021-03-06 14:18:52,1615040332.0
MadamParker,2021-03-18 15:02:00+00:00,True,False,False,False,False,7840.0,227.0,2021-03-18 15:02:00,1616079720.0
ClaritySam,2021-01-21 19:46:28+00:00,True,False,False,False,False,3701.0,32.0,2021-01-21 19:46:28,1611258388.0
Thatsabadmofo,2021-02-14 20:55:59+00:00,True,False,False,False,False,1621.0,33.0,2021-02-14 20:55:59,1613336159.0
darth_rand,2021-05-13 17:37:38+00:00,False,False,False,False,False,2995.0,1431.0,2021-05-13 17:37:38,1620927458.0
tomsawyer333,2021-01-07 00:30:59+00:00,False,False,False,False,False,8565.0,1.0,2021-01-07 00:30:59,1609979459.0
MrProficient,2021-02-14 20:17:12+00:00,True,False,False,False,False,12751.0,4456.0,2021-02-14 20:17:12,1613333832.0
barely_ripe,2021-02-05 04:38:28+00:00,False,False,False,False,False,2049.0,960.0,2021-02-05 04:38:28,1612499908.0
PooPooPeePeePaPaPie,2021-03-02 22:17:55+00:00,False,False,False,False,False,3418.0,2.0,2021-03-02 22:17:55,1614723475.0
FirArAlDracuDeCreier,2021-03-03 03:16:47+00:00,True,False,False,False,False,2233.0,1.0,2021-03-03 03:16:47,1614741407.0
Bull_Winkle69,2021-01-16 18:12:48+00:00,True,False,False,False,False,11540.0,898.0,2021-01-16 18:12:48,1610820768.0
Korrocks,2021-01-07 15:45:56+00:00,True,False,False,True,False,95386.0,25263.0,2021-01-07 15:45:56,1610034356.0
WhyNotAllThree,2021-04-24 23:12:13+00:00,True,False,True,False,False,1576.0,5646.0,2021-04-24 23:12:13,1619305933.0
chill_stoner_0604,2021-03-18 03:29:28+00:00,True,False,False,False,False,29500.0,6.0,2021-03-18 03:29:28,1616038168.0
pleasedontfollowm3-3,2021-05-06 15:41:33+00:00,True,False,True,False,False,273.0,28300.0,2021-05-06 15:41:33,1620315693.0
Hike412,2021-01-14 21:52:19+00:00,True,False,False,False,False,206.0,217.0,2021-01-14 21:52:19,1610661139.0
Thomas-Pandit,2021-03-30 05:55:03+00:00,True,False,False,False,False,835.0,1.0,2021-03-30 05:55:03,1617083703.0
Loki6464,2021-02-26 17:10:24+00:00,True,False,True,False,False,373.0,159728.0,2021-02-26 17:10:24,1614359424.0
charliedba,2021-03-18 04:09:17+00:00,True,False,True,False,False,405.0,32197.0,2021-03-18 04:09:17,1616040557.0
